{
    "NowWeek": 14,
    "nowSubCount": 3902,
    "nowGoldAmount": 4942,
    "RubiaKarma": -3,
    "NowHeart": 83.0,
    "NowStar": 37.0,
    "SixStat": [
        44.79999923706055,
        0.0,
        0.0,
        13.0,
        53.39999771118164,
        101.80000305175781
    ],
    "DoneEventNames": [
        "포카리 물만두",
        "자르반 84세와 만남",
        "엘라 당근 사기"
    ],
    "BoughtItems": [
        "행운의 동전",
        "오르골 ASMR",
        "네잎클로버 책갈피",
        "황올맛 프로틴"
    ],
    "SubStoryIndex": [
        1,
        19,
        5,
        29,
        0,
        22,
        21,
        13,
        14,
        9,
        18,
        16,
        11
    ]
}